VIVA - RAUNA SZIL,,,,,,,,-
GÉP TÍPUSA,GYÁRTÓ,MODELL,CIKKSZÁM,LEÉRTÉKELT SZÁM,MÉRET,SZÍN,,KONYHA MEGNEVEZÉSE
SÜTŐ,CANDY,FCT625NL,ACAN0107AKC,L13483,,FEKETE,,VIVA - RAUNA SZIL
MIKRÓHULLÁMÚ,,,,,,,,VIVA - RAUNA SZIL
FŐZŐLAP,CANDY,CH64BVT,ACAN0109AKC,L13484,,FEKETE,,VIVA - RAUNA SZIL
ELSZÍVÓ,,,,,,,,VIVA - RAUNA SZIL
HŰTŐ,CANDY,CIO 225 NE,ACAN0049AKC,,,NEM LÁTSZÓ,,VIVA - RAUNA SZIL
BORHŰTŐ,,,,,,,,VIVA - RAUNA SZIL
SOKKOLÓ HŰTŐ,,,,,,,,VIVA - RAUNA SZIL
KÁVÉFŐZŐ,,,,,,,,VIVA - RAUNA SZIL
MOSOGATÓGÉP,EVIDO,AQUALIFE 45 (DW45I.2),DEEV00017,L13929,45,NEM LÁTSZÓ,,VIVA - RAUNA SZIL
MOSÓGÉP,,,,,,,,VIVA - RAUNA SZIL
SZÁRÍTÓGÉP,,,,,,,,VIVA - RAUNA SZIL
MOSOGATÓTÁLCA,BLANCO,DALAGO 5,DEBL00081,L10906,,FEHÉR,,VIVA - RAUNA SZIL
CSAPTELEP,BLANCO,CATRIS-S,DEBL00034,L10907,,KRÓM,,VIVA - RAUNA SZIL
SZAPPANADAGOLÓ,,,,,,,,VIVA - RAUNA SZIL
VÍZTISZTÍTÓ,,,,,,,,VIVA - RAUNA SZIL
HULLADÉKTÁROLÓ,BLANCO,S.ORGA-II,DEBL00184,,,NEM LÁTSZÓ,,VIVA - RAUNA SZIL
HULLADÉKTÁROLÓ,BLANCO,SELECT II 60/3,DEBL00187,,,NEM LÁTSZÓ,,VIVA - RAUNA SZIL
KONYHAMALAC,,,,,,,,VIVA - RAUNA SZIL
VIVA - KÖZPONTI,,,,,,,,-
GÉP TÍPUSA,GYÁRTÓ,MODELL,CIKKSZÁM,LEÉRTÉKELT SZÁM,MÉRET,SZÍN,,-
SÜTŐ,SMEG,SO4104APG,DESM00030,L14946,,ANTRACIT,,VIVA - KÖZPONTI
MIKRÓHULLÁMÚ,,,,,,,,VIVA - KÖZPONTI
FŐZŐLAP,SMEG,HOBD182DG,DESM00029,L14945,,ANTRACIT,,VIVA - KÖZPONTI
ELSZÍVÓ,,,,,,,,VIVA - KÖZPONTI
HŰTŐ,EVIDO,IGLOO (332W.3),DEEV00096,L14950,,NEM LÁTSZÓ,,VIVA - KÖZPONTI
BORHŰTŐ,,,,,,,,VIVA - KÖZPONTI
SOKKOLÓ HŰTŐ,SMEG,SBC4104G,DESM00033,L14949,,ANTRACIT,,VIVA - KÖZPONTI
KÁVÉFŐZŐ,SMEG,CMS4104G,DESM00031,L14947,,ANTRACIT,,VIVA - KÖZPONTI
MOSOGATÓGÉP,EVIDO,AQUALIFE 65I (DW65I.3),DEEV00097,L14951,60,NEM LÁTSZÓ,,VIVA - KÖZPONTI
MOSÓGÉP,,,,,,,,VIVA - KÖZPONTI
SZÁRÍTÓGÉP,,,,,,,,VIVA - KÖZPONTI
MOSOGATÓTÁLCA,BLANCO,ETAGON 6,DEBL00267,L14956,,FEKETE,,VIVA - KÖZPONTI
CSAPTELEP,BLANCO,FONTAS-S II,DEBL00215,L14956,,FEKETE,,VIVA - KÖZPONTI
SZAPPANADAGOLÓ,BLANCO,,,L14956,,FEKETE,,VIVA - KÖZPONTI
VÍZTISZTÍTÓ,EVIDO,PURE,DEEV00073,L14952,,NEM LÁTSZÓ,,VIVA - KÖZPONTI
HULLADÉKTÁROLÓ,,,,,,,,VIVA - KÖZPONTI
HULLADÉKTÁROLÓ,,,,,,,,VIVA - KÖZPONTI
KONYHAMALAC,BLANCO,FWD MEDIUM,DEBL00230,L14955,,NEM LÁTSZÓ,,VIVA - KÖZPONTI
VIVA - FÖLDSZINTI,,,,,,,,-
GÉP TÍPUSA,GYÁRTÓ,MODELL,CIKKSZÁM,LEÉRTÉKELT SZÁM,MÉRET,SZÍN,,-
SÜTŐ,WHIRLPOOL,W7 OS4 4S1 P,AW000000028AKC,L14900,,INOX,,VIVA - FÖLDSZINTI
MIKRÓHULLÁMÚ,WHIRLPOOL,W7 MD440,AW000000033AKC,L14901,,INOX,,VIVA - FÖLDSZINTI
FŐZŐLAP,WHIRLPOOL,WF S4160 BF,AW000000027AKC,L14900,,FEKETE,,VIVA - FÖLDSZINTI
ELSZÍVÓ,,,,,,,,VIVA - FÖLDSZINTI
HŰTŐ,LIEBHERR,IRC 4120,ALI0012AKC,,,NEM LÁTSZÓ,,VIVA - FÖLDSZINTI
BORHŰTŐ,,,,,,,,VIVA - FÖLDSZINTI
SOKKOLÓ HŰTŐ,,,,,,,,VIVA - FÖLDSZINTI
KÁVÉFŐZŐ,,,,,,,,VIVA - FÖLDSZINTI
MOSOGATÓGÉP,AMICA,DFM66C8EOIBD,AMM0016AKC,L13468,60,FEKETE,,VIVA - FÖLDSZINTI
MOSÓGÉP,,,,,,,,VIVA - FÖLDSZINTI
SZÁRÍTÓGÉP,,,,,,,,VIVA - FÖLDSZINTI
MOSOGATÓTÁLCA,ELLECI,QUADRA 105,DMELQUADRA105,L14958,,FEKETE,,VIVA - FÖLDSZINTI
CSAPTELEP,,,,,,,,VIVA - FÖLDSZINTI
SZAPPANADAGOLÓ,,,,,,,,VIVA - FÖLDSZINTI
VÍZTISZTÍTÓ,,,,,,,,VIVA - FÖLDSZINTI
HULLADÉKTÁROLÓ,BLANCO,BOTTONPR.60/3,DEBL00072,L14960,,NEM LÁTSZÓ,,VIVA - FÖLDSZINTI
HULLADÉKTÁROLÓ,,,,,,,,VIVA - FÖLDSZINTI
KONYHAMALAC,,,,,,,,VIVA - FÖLDSZINTI
LILI - MF BIANCO,,,,,,,,-
GÉP TÍPUSA,GYÁRTÓ,MODELL,CIKKSZÁM,LEÉRTÉKELT SZÁM,MÉRET,SZÍN,,-
SÜTŐ,ELECTROLUX,KOCEH70X,AE00154AKC,,,FEKETE,,LILI - MF BIANCO
MIKRÓHULLÁMÚ,ELECTROLUX,LMS4253TMX,AE00161AKC,,,FEKETE,,LILI - MF BIANCO
FŐZŐLAP,ELECTROLUX,EIS6448,AE00157AKC,L13492,,FEKETE,,LILI - MF BIANCO
ELSZÍVÓ,ELICA,LESSENZA,DEEL00018,L14563,60,FEKETE,,LILI - MF BIANCO
HŰTŐ,ELECTROLUX,ENT6TF18S,AE00210AKC,L13496,,NEM LÁTSZÓ,,LILI - MF BIANCO
BORHŰTŐ,,,,,,,,LILI - MF BIANCO
SOKKOLÓ HŰTŐ,,,,,,,,LILI - MF BIANCO
KÁVÉFŐZŐ,,,,,,,,LILI - MF BIANCO
MOSOGATÓGÉP,ELECTROLUX,EES48200L,AE00251AKC,,60,NEM LÁTSZÓ,,LILI - MF BIANCO
MOSÓGÉP,,,,,,,,LILI - MF BIANCO
SZÁRÍTÓGÉP,,,,,,,,LILI - MF BIANCO
MOSOGATÓTÁLCA,BLANCO,LEGRA 6,DEBL00106,HIÁNYZIK,,MEGSZŰNT SZÍN,,LILI - MF BIANCO
CSAPTELEP,BLANCO,ZENOS-S,DEBL00121,HIÁNYZIK,,MEGSZŰNT SZÍN,,LILI - MF BIANCO
SZAPPANADAGOLÓ,,,,,,,,LILI - MF BIANCO
VÍZTISZTÍTÓ,,,,,,,,LILI - MF BIANCO
HULLADÉKTÁROLÓ,BLANCO,BOTTON II 30/2,DEBL00209,,,NEM LÁTSZÓ,,LILI - MF BIANCO
HULLADÉKTÁROLÓ,,,,,,,,LILI - MF BIANCO
KONYHAMALAC,,,,,,,,LILI - MF BIANCO
LILI - MF ANTRACIT,,,,,,,,-
GÉP TÍPUSA,GYÁRTÓ,MODELL,CIKKSZÁM,LEÉRTÉKELT SZÁM,MÉRET,SZÍN,,-
SÜTŐ,EVIDO,LEVEL 60,DEEV00098,,,FEKETE,,LILI - MF ANTRACIT
MIKRÓHULLÁMÚ,EVIDO,COMFORT 45M,DEEV00010,,,FEKETE,,LILI - MF ANTRACIT
FŐZŐLAP,EVIDO,EHF6547FXK,AE00055AKC,,,FEKETE,,LILI - MF ANTRACIT
ELSZÍVÓ,ELICA,SHY-S,DEEL00017,L14338,90,FEKETE,,LILI - MF ANTRACIT
HŰTŐ,HITACHI,WB640VRU0.GBK,DEH000004,L14336,,FEKETE,,LILI - MF ANTRACIT
BORHŰTŐ,,,,,,,,LILI - MF ANTRACIT
SOKKOLÓ HŰTŐ,,,,,,,,LILI - MF ANTRACIT
KÁVÉFŐZŐ,,,,,,,,LILI - MF ANTRACIT
MOSOGATÓGÉP,EVIDO,AQUALIFE 45I (DW45I.3),DEEV00094,,45,NEM LÁTSZÓ,,LILI - MF ANTRACIT
MOSÓGÉP,,,,,,,,LILI - MF ANTRACIT
SZÁRÍTÓGÉP,,,,,,,,LILI - MF ANTRACIT
MOSOGATÓTÁLCA,BLANCO,DALAGO 45,DEBL00021,,,ANTRACIT,,LILI - MF ANTRACIT
CSAPTELEP,BLANCO,LINUS,DEBL00080,,,ANTRACIT,,LILI - MF ANTRACIT
SZAPPANADAGOLÓ,,,,,,,,LILI - MF ANTRACIT
VÍZTISZTÍTÓ,,,,,,,,LILI - MF ANTRACIT
HULLADÉKTÁROLÓ,BLANCO,BOTTON II 30/2,DEBL00209,,,NEM LÁTSZÓ,,LILI - MF ANTRACIT
HULLADÉKTÁROLÓ,,,,,,,,LILI - MF ANTRACIT
KONYHAMALAC,,,,,,,,LILI - MF ANTRACIT
DIA - FINO PISZTÁCIA,,,,,,,,-
GÉP TÍPUSA,GYÁRTÓ,MODELL,CIKKSZÁM,LEÉRTÉKELT SZÁM,MÉRET,SZÍN,,-
SÜTŐ,GORENJE,BOP737E20XG,AG00126AKC,L13303,,FEKETE,,DIA - FINO PISZTÁCIA
MIKRÓHULLÁMÚ,,,,,,,,DIA - FINO PISZTÁCIA
FŐZŐLAP,GORENJE,ECT644BSC,AG00115AKC,L13941,,FEKETE,,DIA - FINO PISZTÁCIA
ELSZÍVÓ,EVIDO,MOVE 60B,DEEV00115,,60,NEM LÁTSZÓ,,DIA - FINO PISZTÁCIA
HŰTŐ,AEG,SKE818F1DC,AAE0059AKC,L12306,,NEM LÁTSZÓ,,DIA - FINO PISZTÁCIA
BORHŰTŐ,,,,,,,,DIA - FINO PISZTÁCIA
SOKKOLÓ HŰTŐ,,,,,,,,DIA - FINO PISZTÁCIA
KÁVÉFŐZŐ,,,,,,,,DIA - FINO PISZTÁCIA
MOSOGATÓGÉP,EVIDO,SPLASH 60I (DWS65I.1),DEEV00113,,60,NEM LÁTSZÓ,,DIA - FINO PISZTÁCIA
MOSÓGÉP,,,,,,,,DIA - FINO PISZTÁCIA
SZÁRÍTÓGÉP,,,,,,,,DIA - FINO PISZTÁCIA
MOSOGATÓTÁLCA,BLANCO,FLEX PRO 45S,DEBL00011,,,NATÚR (INOX),,DIA - FINO PISZTÁCIA
CSAPTELEP,,,,,,,,DIA - FINO PISZTÁCIA
SZAPPANADAGOLÓ,,,,,,,,DIA - FINO PISZTÁCIA
VÍZTISZTÍTÓ,,,,,,,,DIA - FINO PISZTÁCIA
HULLADÉKTÁROLÓ,,,,,,,,DIA - FINO PISZTÁCIA
HULLADÉKTÁROLÓ,,,,,,,,DIA - FINO PISZTÁCIA
KONYHAMALAC,,,,,,,,DIA - FINO PISZTÁCIA
DIA - ANTIKOLT VANÍLIA,,,,,,,,-
GÉP TÍPUSA,GYÁRTÓ,MODELL,CIKKSZÁM,LEÉRTÉKELT SZÁM,MÉRET,SZÍN,,-
SÜTŐ,,,,,,,,DIA - ANTIKOLT VANÍLIA
MIKRÓHULLÁMÚ,,,,,,,,DIA - ANTIKOLT VANÍLIA
FŐZŐLAP,,,,,,,,DIA - ANTIKOLT VANÍLIA
ELSZÍVÓ,,,,,,,,DIA - ANTIKOLT VANÍLIA
HŰTŐ,,,,,,,,DIA - ANTIKOLT VANÍLIA
BORHŰTŐ,,,,,,,,DIA - ANTIKOLT VANÍLIA
SOKKOLÓ HŰTŐ,,,,,,,,DIA - ANTIKOLT VANÍLIA
KÁVÉFŐZŐ,,,,,,,,DIA - ANTIKOLT VANÍLIA
MOSOGATÓGÉP,,,,,,,,DIA - ANTIKOLT VANÍLIA
MOSÓGÉP,,,,,,,,DIA - ANTIKOLT VANÍLIA
SZÁRÍTÓGÉP,,,,,,,,DIA - ANTIKOLT VANÍLIA
MOSOGATÓTÁLCA,,,,,,,,DIA - ANTIKOLT VANÍLIA
CSAPTELEP,,,,,,,,DIA - ANTIKOLT VANÍLIA
SZAPPANADAGOLÓ,,,,,,,,DIA - ANTIKOLT VANÍLIA
VÍZTISZTÍTÓ,,,,,,,,DIA - ANTIKOLT VANÍLIA
HULLADÉKTÁROLÓ,,,,,,,,DIA - ANTIKOLT VANÍLIA
HULLADÉKTÁROLÓ,,,,,,,,DIA - ANTIKOLT VANÍLIA
KONYHAMALAC,,,,,,,,DIA - ANTIKOLT VANÍLIA
FLAT - SZÜRKE,,,,,,,,-
GÉP TÍPUSA,GYÁRTÓ,MODELL,CIKKSZÁM,LEÉRTÉKELT SZÁM,MÉRET,SZÍN,,-
SÜTŐ,ELECTROLUX,EOD6P77WZ,AE00225AKC,L15237,,FEKETE,,FLAT - SZÜRKE
MIKRÓHULLÁMÚ,ELECTROLUX, LMS4253TMX,AE00161AKC,L15238,,FEKETE,,FLAT - SZÜRKE
FŐZŐLAP,ELECTROLUX,EHH6240ISK,AE00091AKC,L13493,,FEKETE,,FLAT - SZÜRKE
ELSZÍVÓ,,,,,,,,FLAT - SZÜRKE
HŰTŐ,LG,GSJV71PZTF,ALG0009AKC,L13486,,INOX,,FLAT - SZÜRKE
BORHŰTŐ,,,,,,,,FLAT - SZÜRKE
SOKKOLÓ HŰTŐ,,,,,,,,FLAT - SZÜRKE
KÁVÉFŐZŐ,,,,,,,,FLAT - SZÜRKE
MOSOGATÓGÉP,ELECTROLUX,EEM48320L,AE00178AKC,L15239,60,NEM LÁTSZÓ,,FLAT - SZÜRKE
MOSÓGÉP,,,,,,,,FLAT - SZÜRKE
SZÁRÍTÓGÉP,,,,,,,,FLAT - SZÜRKE
MOSOGATÓTÁLCA,BLANCO,LEGRA XL 6S,DEBL00161,L15236,,ANTRACIT,,FLAT - SZÜRKE
CSAPTELEP,BLANCO,MILA,DEBL00084,L15236,,KRÓM,,FLAT - SZÜRKE
SZAPPANADAGOLÓ,,,,,,,,FLAT - SZÜRKE
VÍZTISZTÍTÓ,,,,,,,,FLAT - SZÜRKE
HULLADÉKTÁROLÓ,BLANCO,SELECT 60/2,DEBL00108,,,NEM LÁTSZÓ,,FLAT - SZÜRKE
HULLADÉKTÁROLÓ,BLANCO,S.ORGA,DEBL00039,,,NEM LÁTSZÓ,,FLAT - SZÜRKE
KONYHAMALAC,,,,,,,,FLAT - SZÜRKE
CROSS - GYÖNGYFEHÉR,,,,,,,,-
GÉP TÍPUSA,GYÁRTÓ,MODELL,CIKKSZÁM,LEÉRTÉKELT SZÁM,MÉRET,SZÍN,,-
SÜTŐ,CATA,MDS7208,MDS7208WH,L14328,,FEHÉR,,CROSS - GYÖNGYFEHÉR
MIKRÓHULLÁMÚ,CATA,MNA20WH,DMCMMA20WH,,,FEHÉR,,CROSS - GYÖNGYFEHÉR
FŐZŐLAP,CATA,IB604WH,DMCIB604WH,L14328,,FEHÉR,,CROSS - GYÖNGYFEHÉR
ELSZÍVÓ,CATA,THALASSA 700 XGWH/F,DMCATHALASSA70,L14339,60,FEHÉR,,CROSS - GYÖNGYFEHÉR
HŰTŐ,EVIDO,SPACE FIT 505B,DEEV00116,,,FEKETE,,CROSS - GYÖNGYFEHÉR
BORHŰTŐ,,,,,,,,CROSS - GYÖNGYFEHÉR
SOKKOLÓ HŰTŐ,,,,,,,,CROSS - GYÖNGYFEHÉR
KÁVÉFŐZŐ,,,,,,,,CROSS - GYÖNGYFEHÉR
MOSOGATÓGÉP,CATA,LVI-61014,DMCLVI61014,L15132,60,NEM LÁTSZÓ,,CROSS - GYÖNGYFEHÉR
MOSÓGÉP,,,,,,,,CROSS - GYÖNGYFEHÉR
SZÁRÍTÓGÉP,,,,,,,,CROSS - GYÖNGYFEHÉR
MOSOGATÓTÁLCA,ELLECI,QUADRA 105 ,DMELQUADRA105,,,FEHÉR,,CROSS - GYÖNGYFEHÉR
CSAPTELEP,ELLECI,TRAIL,DMELTRALL,,,FEHÉR,,CROSS - GYÖNGYFEHÉR
SZAPPANADAGOLÓ,ELLECI,DI02300BK,DMELDI02300BK,HIÁNYZIK,,FEKETE,,CROSS - GYÖNGYFEHÉR
VÍZTISZTÍTÓ,,,,,,,,CROSS - GYÖNGYFEHÉR
HULLADÉKTÁROLÓ,,,,,,,,CROSS - GYÖNGYFEHÉR
HULLADÉKTÁROLÓ,,,,,,,,CROSS - GYÖNGYFEHÉR
KONYHAMALAC,ELLECI,500 TOP,DMEL500TOP,L14650,,NEM LÁTSZÓ,,CROSS - GYÖNGYFEHÉR
DIA - RAUNA SZIL,,,,,,,,-
GÉP TÍPUSA,GYÁRTÓ,MODELL,CIKKSZÁM,LEÉRTÉKELT SZÁM,MÉRET,SZÍN,,-
SÜTŐ,ELECTROLUX,KOEAP31WT,AE00176AKC,L12109,,FEKETE,,DIA - RAUNA SZIL
MIKRÓHULLÁMÚ,ELECTROLUX,LMS4253TMX,AE00161AKC,L12541,,FEKETE,,DIA - RAUNA SZIL
FŐZŐLAP,ELECTROLUX,EIV854,AE00177AKC,L12112,,FEKETE,,DIA - RAUNA SZIL
ELSZÍVÓ,KDESIGN,K129-80,DMK12980,L12111,80,FEKETE,,DIA - RAUNA SZIL
HŰTŐ,ELECTROLUX,KNT2LF18S,AE00175AKC,L12103,,NEM LÁTSZÓ,,DIA - RAUNA SZIL
BORHŰTŐ,,,,,,,,DIA - RAUNA SZIL
SOKKOLÓ HŰTŐ,,,,,,,,DIA - RAUNA SZIL
KÁVÉFŐZŐ,,,,,,,,DIA - RAUNA SZIL
MOSOGATÓGÉP,AEG,FSB53627P,AAE0055AKC,L12104,60,NEM LÁTSZÓ,,DIA - RAUNA SZIL
MOSÓGÉP,,,,,,,,DIA - RAUNA SZIL
SZÁRÍTÓGÉP,,,,,,,,DIA - RAUNA SZIL
MOSOGATÓTÁLCA,BLANCO,ELON XL 6S,DEBL00069,L12375,,FEKETE,,DIA - RAUNA SZIL
CSAPTELEP,BLANCO,CATRIS-S FLEXO,DEBL00175,L12114,,MATT FEKETE,,DIA - RAUNA SZIL
SZAPPANADAGOLÓ,,,,,,,,DIA - RAUNA SZIL
VÍZTISZTÍTÓ,,,,,,,,DIA - RAUNA SZIL
HULLADÉKTÁROLÓ,BLANCO,SELECT II 60/2,DEBL00180,L12115,,NEM LÁTSZÓ,,DIA - RAUNA SZIL
HULLADÉKTÁROLÓ,,,,,,,,DIA - RAUNA SZIL
KONYHAMALAC,,,,,,,,DIA - RAUNA SZIL
DIA - FINO VANÍLIA,,,,,,,,-
GÉP TÍPUSA,GYÁRTÓ,MODELL,CIKKSZÁM,LEÉRTÉKELT SZÁM,MÉRET,SZÍN,,-
SÜTŐ,SMEG,SF6400TVX,DESM00007,L14393,,INOX,,DIA - FINO VANÍLIA
MIKRÓHULLÁMÚ,BEKO,MOB-20231 BG,ABE0007AKC,L15136,,INOX,,DIA - FINO VANÍLIA
FŐZŐLAP,BEKO,HIC-64403T,ABE0012AKC,,,FEKETE,,DIA - FINO VANÍLIA
ELSZÍVÓ,,,,,,,,DIA - FINO VANÍLIA
HŰTŐ,BEKO,BLSA-210M3SN,ABE0106AKC,L14335,,NEM LÁTSZÓ,,DIA - FINO VANÍLIA
BORHŰTŐ,,,,,,,,DIA - FINO VANÍLIA
SOKKOLÓ HŰTŐ,,,,,,,,DIA - FINO VANÍLIA
KÁVÉFŐZŐ,,,,,,,,DIA - FINO VANÍLIA
MOSOGATÓGÉP,EVIDO,AQUALIFE 60 (DW65I.2),DEEV00017,L14424,60,NEM LÁTSZÓ,,DIA - FINO VANÍLIA
MOSÓGÉP,,,,,,,,DIA - FINO VANÍLIA
SZÁRÍTÓGÉP,,,,,,,,DIA - FINO VANÍLIA
MOSOGATÓTÁLCA,BLANCO,LEMIS 45 S-IF,DEBL00119,L15135,,FÉNYEZETT,,DIA - FINO VANÍLIA
CSAPTELEP,BLANCO,MILA-S,DEBL00117,L15135,,KRÓM,,DIA - FINO VANÍLIA
SZAPPANADAGOLÓ,,,,,,,,DIA - FINO VANÍLIA
VÍZTISZTÍTÓ,,,,,,,,DIA - FINO VANÍLIA
HULLADÉKTÁROLÓ,BLANCO,BOTTONPR.60/3,DEBL00114,L7790,,NEM LÁTSZÓ,,DIA - FINO VANÍLIA
HULLADÉKTÁROLÓ,,,,,,,,DIA - FINO VANÍLIA
KONYHAMALAC,,,,,,,,DIA - FINO VANÍLIA
ANI-FLAT,,,,,,,,-
GÉP TÍPUSA,GYÁRTÓ,MODELL,CIKKSZÁM,LEÉRTÉKELT SZÁM,MÉRET,SZÍN,,-
SÜTŐ,ELECTROLUX,EOE7P31X,AE00195AKC,L13494,,INOX,,ANI-FLAT
MIKRÓHULLÁMÚ,,,,,,,,ANI-FLAT
FŐZŐLAP,ELECTROLUX,EHH6240ISK,AE00091AKC,L13494,,FEKETE,,ANI-FLAT
ELSZÍVÓ,,,,,,,,ANI-FLAT
HŰTŐ,ELECTROLUX,ENT6TF18S,AE00210AKC,L13495,,NEM LÁTSZÓ,,ANI-FLAT
BORHŰTŐ,,,,,,,,ANI-FLAT
SOKKOLÓ HŰTŐ,,,,,,,,ANI-FLAT
KÁVÉFŐZŐ,,,,,,,,ANI-FLAT
MOSOGATÓGÉP,EVIDO,AQUALIFE 45I (DW45I.3),DEEV00094,,45,NEM LÁTSZÓ,,ANI-FLAT
MOSÓGÉP,,,,,,,,ANI-FLAT
SZÁRÍTÓGÉP,,,,,,,,ANI-FLAT
MOSOGATÓTÁLCA,BLANCO,DALAGO 45,DEBL00021,,,FEKETE,,ANI-FLAT
CSAPTELEP,BLANCO,KANO-S,DEBL00211,,,FEKETE,,ANI-FLAT
SZAPPANADAGOLÓ,,,,,,,,ANI-FLAT
VÍZTISZTÍTÓ,,,,,,,,ANI-FLAT
HULLADÉKTÁROLÓ,BLANCO,SELECT 45/2,DEBL00134,L14340,,NEM LÁTSZÓ,,ANI-FLAT
HULLADÉKTÁROLÓ,,,,,,,,ANI-FLAT
KONYHAMALAC,,,,,,,,ANI-FLAT
FLAT - ANTRACIT,,,,,,,,-
GÉP TÍPUSA,GYÁRTÓ,MODELL,CIKKSZÁM,LEÉRTÉKELT SZÁM,MÉRET,SZÍN,,-
SÜTŐ,GORENJE,BPS6747A06X,AG00180AKC,L15235,,INOX,,FLAT - ANTRACIT
MIKRÓHULLÁMÚ,,,,,,,,FLAT - ANTRACIT
FŐZŐLAP,GORENJE,ECT643BCSC,AG00137AKC,L15235,,FEKETE,,FLAT - ANTRACIT
ELSZÍVÓ,GORENJE,TH60E3X,AG00157AKC,L15234,BEÉPÍTETT 60,INOX,,FLAT - ANTRACIT
HŰTŐ,BEKO,BCNA-275E31SN,ABE01123KC,L13188,,NEM LÁTSZÓ,,FLAT - ANTRACIT
BORHŰTŐ,,,,,,,,FLAT - ANTRACIT
SOKKOLÓ HŰTŐ,,,,,,,,FLAT - ANTRACIT
KÁVÉFŐZŐ,,,,,,,,FLAT - ANTRACIT
MOSOGATÓGÉP,EVIDO,SPLASH 60I (DWS65I.1),DEEV00113,,60,NEM LÁTSZÓ,,FLAT - ANTRACIT
MOSÓGÉP,,,,,,,,FLAT - ANTRACIT
SZÁRÍTÓGÉP,,,,,,,,FLAT - ANTRACIT
MOSOGATÓTÁLCA,TEKA,CIVIO 50 STQ,AT00196AKC,L13918,,TOPÁZBÉZS,,FLAT - ANTRACIT
CSAPTELEP,TEKA,MTP 993,AT00152AKC,L13918,,KRÓM,,FLAT - ANTRACIT
SZAPPANADAGOLÓ,,,,,,,,FLAT - ANTRACIT
VÍZTISZTÍTÓ,,,,,,,,FLAT - ANTRACIT
HULLADÉKTÁROLÓ,,,,,,,,FLAT - ANTRACIT
HULLADÉKTÁROLÓ,,,,,,,,FLAT - ANTRACIT
KONYHAMALAC,,,,,,,,FLAT - ANTRACIT
DIA - SÖTÉT TÖLGY,,,,,,,,-
GÉP TÍPUSA,GYÁRTÓ,MODELL,CIKKSZÁM,LEÉRTÉKELT SZÁM,MÉRET,SZÍN,,-
SÜTŐ,EVIDO,RUSTIC-O 6AC,DEEV00044,L12120,,BÉZS,,DIA - SÖTÉT TÖLGY
MIKRÓHULLÁMÚ,,,,,,,,DIA - SÖTÉT TÖLGY
FŐZŐLAP,EVIDO,RUSTIC-H 70C,DEEV00045,L12118,,BÉZS,,DIA - SÖTÉT TÖLGY
ELSZÍVÓ,,,,,,,,DIA - SÖTÉT TÖLGY
HŰTŐ,BEKO,BLSA-210M3SN,ABE0106AKC,L13107,,NEM LÁTSZÓ,,DIA - SÖTÉT TÖLGY
BORHŰTŐ,,,,,,,,DIA - SÖTÉT TÖLGY
SOKKOLÓ HŰTŐ,,,,,,,,DIA - SÖTÉT TÖLGY
KÁVÉFŐZŐ,,,,,,,,DIA - SÖTÉT TÖLGY
MOSOGATÓGÉP,EVIDO,AQUALIFE 45 (DW45I.2),DEEV00017,L14425,45,NEM LÁTSZÓ,,DIA - SÖTÉT TÖLGY
MOSÓGÉP,,,,,,,,DIA - SÖTÉT TÖLGY
SZÁRÍTÓGÉP,,,,,,,,DIA - SÖTÉT TÖLGY
MOSOGATÓTÁLCA,BLANCO,LEGRA 6,DEBL00106,L12122,,,,DIA - SÖTÉT TÖLGY
CSAPTELEP,BLANCO,TRADON,DEBL00098,L12121,,SÁRGARÉZ,,DIA - SÖTÉT TÖLGY
SZAPPANADAGOLÓ,,,,,,,,DIA - SÖTÉT TÖLGY
VÍZTISZTÍTÓ,,,,,,,,DIA - SÖTÉT TÖLGY
HULLADÉKTÁROLÓ,,,,,,,,DIA - SÖTÉT TÖLGY
HULLADÉKTÁROLÓ,,,,,,,,DIA - SÖTÉT TÖLGY
KONYHAMALAC,,,,,,,,DIA - SÖTÉT TÖLGY
TINA-KIA - SPANYOL TÖLGY/SZÜRKE,,,,,,,,-
GÉP TÍPUSA,GYÁRTÓ,MODELL,CIKKSZÁM,LEÉRTÉKELT SZÁM,MÉRET,SZÍN,,-
SÜTŐ,EVIDO,LEVEL 60,DEEV00098,,,FEKETE,,TINA-KIA - SPANYOL TÖLGY/SZÜRKE
MIKRÓHULLÁMÚ,EVIDO,COMFORT 45M,DEEV00010,,,FEKETE,,TINA-KIA - SPANYOL TÖLGY/SZÜRKE
FŐZŐLAP,EVIDO,VETRO 60BB,DEEV00025,,,FEKETE,,TINA-KIA - SPANYOL TÖLGY/SZÜRKE
ELSZÍVÓ,,,,,,,,TINA-KIA - SPANYOL TÖLGY/SZÜRKE
HŰTŐ,BEKO,BCSA-285K3SN,ABE0102AKC,L13471,,NEM LÁTSZÓ,,TINA-KIA - SPANYOL TÖLGY/SZÜRKE
BORHŰTŐ,,,,,,,,TINA-KIA - SPANYOL TÖLGY/SZÜRKE
SOKKOLÓ HŰTŐ,,,,,,,,TINA-KIA - SPANYOL TÖLGY/SZÜRKE
KÁVÉFŐZŐ,,,,,,,,TINA-KIA - SPANYOL TÖLGY/SZÜRKE
MOSOGATÓGÉP,,,,,,,,TINA-KIA - SPANYOL TÖLGY/SZÜRKE
MOSÓGÉP,,,,,,,,TINA-KIA - SPANYOL TÖLGY/SZÜRKE
SZÁRÍTÓGÉP,,,,,,,,TINA-KIA - SPANYOL TÖLGY/SZÜRKE
MOSOGATÓTÁLCA,BLANCO,ZIA 8S,DEBL00077,,,PALASZÜRKE,,TINA-KIA - SPANYOL TÖLGY/SZÜRKE
CSAPTELEP,BLANCO,AVONA-S,DEBL00147,,,PALASZÜRKE,,TINA-KIA - SPANYOL TÖLGY/SZÜRKE
SZAPPANADAGOLÓ,,,,,,,,TINA-KIA - SPANYOL TÖLGY/SZÜRKE
VÍZTISZTÍTÓ,,,,,,,,TINA-KIA - SPANYOL TÖLGY/SZÜRKE
HULLADÉKTÁROLÓ,EKOTECH,FRONT 60,DMECOTECHFR60,,,NEM LÁTSZÓ,,TINA-KIA - SPANYOL TÖLGY/SZÜRKE
HULLADÉKTÁROLÓ,,,,,,,,TINA-KIA - SPANYOL TÖLGY/SZÜRKE
KONYHAMALAC,,,,,,,,TINA-KIA - SPANYOL TÖLGY/SZÜRKE
TINA-KIA - SZÜRKE/KÉK,,,,,,,,-
GÉP TÍPUSA,GYÁRTÓ,MODELL,CIKKSZÁM,LEÉRTÉKELT SZÁM,MÉRET,SZÍN,,-
SÜTŐ,WHIRLPOOL,AKZ9 6230 WH,AW000000029AKC,L14132,,FEHÉR,,TINA-KIA - SZÜRKE/KÉK
MIKRÓHULLÁMÚ,,,,,,,,TINA-KIA - SZÜRKE/KÉK
FŐZŐLAP,WHIRLPOOL,WL S5360BF/W,AW000000034AKC,L14132,,FEHÉR,,TINA-KIA - SZÜRKE/KÉK
ELSZÍVÓ,,,,,,,,TINA-KIA - SZÜRKE/KÉK
HŰTŐ,,,,,,,,TINA-KIA - SZÜRKE/KÉK
BORHŰTŐ,DUNAVOX,DAB-36.80DW,AD00003AKC,L10365,,FEHÉR,,TINA-KIA - SZÜRKE/KÉK
SOKKOLÓ HŰTŐ,,,,,,,,TINA-KIA - SZÜRKE/KÉK
KÁVÉFŐZŐ,,,,,,,,TINA-KIA - SZÜRKE/KÉK
MOSOGATÓGÉP,WHIRLPOOL,WSIO 3034 PFEX,AW000000041AKC,L14131,,NEM LÁTSZÓ,,TINA-KIA - SZÜRKE/KÉK
MOSÓGÉP,,,,,,,,TINA-KIA - SZÜRKE/KÉK
SZÁRÍTÓGÉP,,,,,,,,TINA-KIA - SZÜRKE/KÉK
MOSOGATÓTÁLCA,BLANCO,,,,,,,TINA-KIA - SZÜRKE/KÉK
CSAPTELEP,BLANCO,,,,,,,TINA-KIA - SZÜRKE/KÉK
SZAPPANADAGOLÓ,,,,,,,,TINA-KIA - SZÜRKE/KÉK
VÍZTISZTÍTÓ,,,,,,,,TINA-KIA - SZÜRKE/KÉK
HULLADÉKTÁROLÓ,,,,,,,,TINA-KIA - SZÜRKE/KÉK
HULLADÉKTÁROLÓ,,,,,,,,TINA-KIA - SZÜRKE/KÉK
KONYHAMALAC,,,,,,,,TINA-KIA - SZÜRKE/KÉK
TINA-KIA - SZÜRKE/ZÖLD,,,,,,,,-
GÉP TÍPUSA,GYÁRTÓ,MODELL,CIKKSZÁM,LEÉRTÉKELT SZÁM,MÉRET,SZÍN,,-
SÜTŐ,CANDY,FCXNE828X,ACAN0096AKC,L10968,,INOX,,TINA-KIA - SZÜRKE/ZÖLD
MIKRÓHULLÁMÚ,BEKO,MOB-20231 BG,ABE0007AKC,L12345,,INOX,,TINA-KIA - SZÜRKE/ZÖLD
FŐZŐLAP,BEKO,HII-64400MT,ABE0110AKC,L12348,,FEKETE,,TINA-KIA - SZÜRKE/ZÖLD
ELSZÍVÓ,CATA,VALTO-600XGBK,DMCVALTO60XGBK,L12340,60,FEKETE,,TINA-KIA - SZÜRKE/ZÖLD
HŰTŐ,BEKO,BCSA-285K3SN,ABE0102AKC,L12347,,NEM LÁTSZÓ,,TINA-KIA - SZÜRKE/ZÖLD
BORHŰTŐ,,,,,,,,TINA-KIA - SZÜRKE/ZÖLD
SOKKOLÓ HŰTŐ,,,,,,,,TINA-KIA - SZÜRKE/ZÖLD
KÁVÉFŐZŐ,,,,,,,,TINA-KIA - SZÜRKE/ZÖLD
MOSOGATÓGÉP,BEKO,DIN-28431,ABE0085AKC,L12341,60,NEM LÁTSZÓ,,TINA-KIA - SZÜRKE/ZÖLD
MOSÓGÉP,,,,,,,,TINA-KIA - SZÜRKE/ZÖLD
SZÁRÍTÓGÉP,,,,,,,,TINA-KIA - SZÜRKE/ZÖLD
MOSOGATÓTÁLCA,BLANCO,LEGRA 6S COMP.,DEBL00172,L12344,,FEKETE,,TINA-KIA - SZÜRKE/ZÖLD
CSAPTELEP,BLANCO,MIDA,DEBL00016,L12343,,FEKETE,,TINA-KIA - SZÜRKE/ZÖLD
SZAPPANADAGOLÓ,,,,,,,,TINA-KIA - SZÜRKE/ZÖLD
VÍZTISZTÍTÓ,,,,,,,,TINA-KIA - SZÜRKE/ZÖLD
HULLADÉKTÁROLÓ,BLANCO,BOTTONPR.60/3,DEBL00072,L12342,,NEM LÁTSZÓ,,TINA-KIA - SZÜRKE/ZÖLD
HULLADÉKTÁROLÓ,,,,,,,,TINA-KIA - SZÜRKE/ZÖLD
KONYHAMALAC,,,,,,,,TINA-KIA - SZÜRKE/ZÖLD
KIA - KÉK,,,,,,,,-
GÉP TÍPUSA,GYÁRTÓ,MODELL,CIKKSZÁM,LEÉRTÉKELT SZÁM,MÉRET,SZÍN,,-
SÜTŐ,WHIRLPOOL,W7 OS4 4S1 P,AW000000028AKC,HIÁNYZIK,,INOX,,KIA - KÉK
MIKRÓHULLÁMÚ,CANDY,MIC20GDFX,ACAN0113AKC,L12740,,INOX,,KIA - KÉK
FŐZŐLAP,EVIDO,DOMINO-I 32B,DEEV00046,L12744,,FEKETE,,KIA - KÉK
ELSZÍVÓ,EVIDO,SKY 60B,DEEV00119,,60,FEKETE,,KIA - KÉK
HŰTŐ,,,,,,,,KIA - KÉK
BORHŰTŐ,,,,,,,,KIA - KÉK
SOKKOLÓ HŰTŐ,,,,,,,,KIA - KÉK
KÁVÉFŐZŐ,,,,,,,,KIA - KÉK
MOSOGATÓGÉP,WHIRLPOOL,WSFC 3M17 X,AW000000049AKC,L12743,45,INOX,,KIA - KÉK
MOSÓGÉP,,,,,,,,KIA - KÉK
SZÁRÍTÓGÉP,,,,,,,,KIA - KÉK
MOSOGATÓTÁLCA,BLANCO,LEGRA XL6S,DEBL00161,,,ANTRACIT,,KIA - KÉK
CSAPTELEP,,,,,,,,KIA - KÉK
SZAPPANADAGOLÓ,,,,,,,,KIA - KÉK
VÍZTISZTÍTÓ,,,,,,,,KIA - KÉK
HULLADÉKTÁROLÓ,,,,,,,,KIA - KÉK
HULLADÉKTÁROLÓ,,,,,,,,KIA - KÉK
KONYHAMALAC,,,,,,,,KIA - KÉK
KIA - ZÖLD,,,,,,,,-
GÉP TÍPUSA,GYÁRTÓ,MODELL,CIKKSZÁM,LEÉRTÉKELT SZÁM,MÉRET,SZÍN,,-
SÜTŐ,CATA,MDS 8007 BK,DMCMDS8007BK,,,FEKETE,,KIA - ZÖLD
MIKRÓHULLÁMÚ,,,,,,,,KIA - ZÖLD
FŐZŐLAP,CATA,IB-6324 E2 BK,DMCIB6324E2BK,,,FEKETE,,KIA - ZÖLD
ELSZÍVÓ,CATA,WANDA 600 XGBK,DMCATAWAN600BK,,60,FEKETE,,KIA - ZÖLD
HŰTŐ,CATA,CI-54177 ST/D,DMCCI54177STD,,,NEM LÁTSZÓ,,KIA - ZÖLD
BORHŰTŐ,,,,,,,,KIA - ZÖLD
SOKKOLÓ HŰTŐ,,,,,,,,KIA - ZÖLD
KÁVÉFŐZŐ,,,,,,,,KIA - ZÖLD
MOSOGATÓGÉP,CATA,LVI 62014,DMCLVI62014,,60,NEM LÁTSZÓ,,KIA - ZÖLD
MOSÓGÉP,LG,F2WR509SWW,ALG0014AKC,,,FEHÉR,,KIA - ZÖLD
SZÁRÍTÓGÉP,,,,,,,,KIA - ZÖLD
MOSOGATÓTÁLCA,ELLECI,SINTESI 105,DMELSINTESI105,,,ZSÁLYA,,KIA - ZÖLD
CSAPTELEP,ELLECI,BRIDGE,DMELBRIDGEGR,,,FEKETE,,KIA - ZÖLD
SZAPPANADAGOLÓ,,,,,,,,KIA - ZÖLD
VÍZTISZTÍTÓ,,,,,,,,KIA - ZÖLD
HULLADÉKTÁROLÓ,FAGESZT,SZELEKTÍV HULLADÉKTÁROLÓ,D18001101,,,NEM LÁTSZÓ,,KIA - ZÖLD
HULLADÉKTÁROLÓ,,,,,,,,KIA - ZÖLD
KONYHAMALAC,,,,,,,,KIA - ZÖLD
MIRA - SZÜRKE,,,,,,,,-
GÉP TÍPUSA,GYÁRTÓ,MODELL,CIKKSZÁM,LEÉRTÉKELT SZÁM,MÉRET,SZÍN,,-
SÜTŐ,BEKO,BIM-24301WCS,ABE0123AKC,L13920,,FEHÉR,,MIRA - SZÜRKE
MIKRÓHULLÁMÚ,CANDY,MIC20GDFB,ACAN0112AKC,L13485,,FEHÉR,,MIRA - SZÜRKE
FŐZŐLAP,BEKO,HIC-64403T,ABE0012AKC,L13920,,FEKETE,,MIRA - SZÜRKE
ELSZÍVÓ,CATA,GTPLUS45 X/L,DMTLCGTP45I,L14089,BEÉPÍTETT 60,NEM LÁTSZÓ,,MIRA - SZÜRKE
HŰTŐ,BEKO,BCNA-275E31SN,ABE01123KC,L14349,,NEM LÁTSZÓ,,MIRA - SZÜRKE
BORHŰTŐ,,,,,,,,MIRA - SZÜRKE
SOKKOLÓ HŰTŐ,,,,,,,,MIRA - SZÜRKE
KÁVÉFŐZŐ,,,,,,,,MIRA - SZÜRKE
MOSOGATÓGÉP,ELECTROLUX,EEA12100L,AE00187AKC,L14246,45,NEM LÁTSZÓ,,MIRA - SZÜRKE
MOSÓGÉP,,,,,,,,MIRA - SZÜRKE
SZÁRÍTÓGÉP,,,,,,,,MIRA - SZÜRKE
MOSOGATÓTÁLCA,BLANCO,LEGRA 6S,DEBL00172,L14248,,MEGSZŰNT SZÍN,,MIRA - SZÜRKE
CSAPTELEP,BLANCO,TRADON,DEBL00098,L14247,,SÁRGARÉZ,,MIRA - SZÜRKE
SZAPPANADAGOLÓ,,,,,,,,MIRA - SZÜRKE
VÍZTISZTÍTÓ,,,,,,,,MIRA - SZÜRKE
HULLADÉKTÁROLÓ,,,,,,,,MIRA - SZÜRKE
HULLADÉKTÁROLÓ,,,,,,,,MIRA - SZÜRKE
KONYHAMALAC,,,,,,,,MIRA - SZÜRKE
FÓRIS - LINE,,,,,,,,-
GÉP TÍPUSA,GYÁRTÓ,MODELL,CIKKSZÁM,LEÉRTÉKELT SZÁM,MÉRET,SZÍN,,-
SÜTŐ,EVIDO,RUSTIC-O 6AC,DEEV00044,L13904,,BÉZS,,FÓRIS - LINE
MIKRÓHULLÁMÚ,,,,,,,,FÓRIS - LINE
FŐZŐLAP,EVIDO,VETRO 60 IB,DEEV00011,L13904,,FEKETE,,FÓRIS - LINE
ELSZÍVÓ,SILVERLINE,RETROLINE 2238,DESL00123,L13905,90,BÉZS,,FÓRIS - LINE
HŰTŐ,,,,,,,,FÓRIS - LINE
BORHŰTŐ,,,,,,,,FÓRIS - LINE
SOKKOLÓ HŰTŐ,,,,,,,,FÓRIS - LINE
KÁVÉFŐZŐ,,,,,,,,FÓRIS - LINE
MOSOGATÓGÉP,ELECTROLUX,EEA12100L,AE00187AKC,,45,NEM LÁTSZÓ,,FÓRIS - LINE
MOSÓGÉP,,,,,,,,FÓRIS - LINE
SZÁRÍTÓGÉP,,,,,,,,FÓRIS - LINE
MOSOGATÓTÁLCA,BLANCO,MASTER 350,DMELMASTER350,L13908,,MEGSZŰNT SZÍN,,FÓRIS - LINE
CSAPTELEP,BLANCO,MIDA,DEBL00016,L13907,,MEGSZŰNT SZÍN,,FÓRIS - LINE
SZAPPANADAGOLÓ,,,,,,,,FÓRIS - LINE
VÍZTISZTÍTÓ,,,,,,,,FÓRIS - LINE
HULLADÉKTÁROLÓ,,,,,,,,FÓRIS - LINE
HULLADÉKTÁROLÓ,,,,,,,,FÓRIS - LINE
KONYHAMALAC,,,,,,,,FÓRIS - LINE
FÓRIS - BOSTON,,,,,,,,-
GÉP TÍPUSA,GYÁRTÓ,MODELL,CIKKSZÁM,LEÉRTÉKELT SZÁM,MÉRET,SZÍN,,-
SÜTŐ,CATA,MRA-7108,DMCMRA7108,,,FEHÉR,,FÓRIS - BOSTON
MIKRÓHULLÁMÚ,,,,,,,,FÓRIS - BOSTON
FŐZŐLAP,CATA,LCI-6031 WH,DMCLCI6031WH,,,FEHÉR,,FÓRIS - BOSTON
ELSZÍVÓ,ELICA,TAMAYA RAIL CRBRA90,DMELITAMCRBR90,,90,BÉZS,,FÓRIS - BOSTON
HŰTŐ,,,,,,,,FÓRIS - BOSTON
BORHŰTŐ,,,,,,,,FÓRIS - BOSTON
SOKKOLÓ HŰTŐ,,,,,,,,FÓRIS - BOSTON
KÁVÉFŐZŐ,,,,,,,,FÓRIS - BOSTON
MOSOGATÓGÉP,CATA,LVI 46010,DMCLVI46010,,45,NEM LÁTSZÓ,,FÓRIS - BOSTON
MOSÓGÉP,,,,,,,,FÓRIS - BOSTON
SZÁRÍTÓGÉP,,,,,,,,FÓRIS - BOSTON
MOSOGATÓTÁLCA,ELLECI,EGO 400,DMELEGO400,,,FEHÉR,,FÓRIS - BOSTON
CSAPTELEP,ELLECI,ATHENA PLUS,DMELATHENAPGR,,,FEHÉR,,FÓRIS - BOSTON
SZAPPANADAGOLÓ,,,,,,,,FÓRIS - BOSTON
VÍZTISZTÍTÓ,,,,,,,,FÓRIS - BOSTON
HULLADÉKTÁROLÓ,,,,,,,,FÓRIS - BOSTON
HULLADÉKTÁROLÓ,,,,,,,,FÓRIS - BOSTON
KONYHAMALAC,,,,,,,,FÓRIS - BOSTON
FÓRIS - NEW YORK,,,,,,,,-
GÉP TÍPUSA,GYÁRTÓ,MODELL,CIKKSZÁM,LEÉRTÉKELT SZÁM,MÉRET,SZÍN,,-
SÜTŐ,GORENJE,BPS6747A06X,AG00180AKC,,,INOX,,FÓRIS - NEW YORK
MIKRÓHULLÁMÚ,GORENJE,BM201AG1X,AG00152AKC,,,INOX,,FÓRIS - NEW YORK
FŐZŐLAP,GORENJE,GI6442BSCE,AG00200AKC,,,FEKETE,,FÓRIS - NEW YORK
ELSZÍVÓ,CATA,GT-PLUS 45 X/M,DMCATAGTP45XM,,BEÉPÍTETT 60,NEM LÁTSZÓ,,FÓRIS - NEW YORK
HŰTŐ,BEKO,BCHA-275K3SN,ABE0148AKC,L14839,,NEM LÁTSZÓ,,FÓRIS - NEW YORK
BORHŰTŐ,,,,,,,,FÓRIS - NEW YORK
SOKKOLÓ HŰTŐ,,,,,,,,FÓRIS - NEW YORK
KÁVÉFŐZŐ,,,,,,,,FÓRIS - NEW YORK
MOSOGATÓGÉP,GORENJE,GI643D90X,AG00201AKC,,60,INOX,,FÓRIS - NEW YORK
MOSÓGÉP,,,,,,,,FÓRIS - NEW YORK
SZÁRÍTÓGÉP,,,,,,,,FÓRIS - NEW YORK
MOSOGATÓTÁLCA,ELLECI,BEST 105,DMELBEST105AUT,,,FEKETE,,FÓRIS - NEW YORK
CSAPTELEP,ELLECI,IXORA,DMELIXORAG40,,,FEKETE,,FÓRIS - NEW YORK
SZAPPANADAGOLÓ,,,,,,,,FÓRIS - NEW YORK
VÍZTISZTÍTÓ,,,,,,,,FÓRIS - NEW YORK
HULLADÉKTÁROLÓ,,,,,,,,FÓRIS - NEW YORK
HULLADÉKTÁROLÓ,,,,,,,,FÓRIS - NEW YORK
KONYHAMALAC,,,,,,,,FÓRIS - NEW YORK
FÓRIS - TIRANA,,,,,,,,-
GÉP TÍPUSA,GYÁRTÓ,MODELL,CIKKSZÁM,LEÉRTÉKELT SZÁM,MÉRET,SZÍN,,-
SÜTŐ,EVIDO,SUPRA 60B (BOS6PB.1),DEEV00108,,,FEKETE,,FÓRIS - TIRANA
MIKRÓHULLÁMÚ,EVIDO,COMFORT 45M,DEEV00010,,,FEKETE,,FÓRIS - TIRANA
FŐZŐLAP,EVIDO,VETRO 60CB,DEEV00100,,,FEKETE,,FÓRIS - TIRANA
ELSZÍVÓ,,,,,,,,FÓRIS - TIRANA
HŰTŐ,ELECTROLUX,ERS3DF18S,AE00190AKC,L14334,,NEM LÁTSZÓ,,FÓRIS - TIRANA
BORHŰTŐ,,,,,,,,FÓRIS - TIRANA
SOKKOLÓ HŰTŐ,,,,,,,,FÓRIS - TIRANA
KÁVÉFŐZŐ,,,,,,,,FÓRIS - TIRANA
MOSOGATÓGÉP,EVIDO,AQUALIFE 65I (DW65I.3),DEEV00097,,60,NEM LÁTSZÓ,,FÓRIS - TIRANA
MOSÓGÉP,,,,,,,,FÓRIS - TIRANA
SZÁRÍTÓGÉP,,,,,,,,FÓRIS - TIRANA
MOSOGATÓTÁLCA,BLANCO,ZIA XL 6 S,DEBL00196,,,FEKETE,,FÓRIS - TIRANA
CSAPTELEP,BLANCO,FONTAS II,DEBL00124,,,FEKETE,,FÓRIS - TIRANA
SZAPPANADAGOLÓ,,,,,,,,FÓRIS - TIRANA
VÍZTISZTÍTÓ,,,,,,,,FÓRIS - TIRANA
HULLADÉKTÁROLÓ,,,,,,,,FÓRIS - TIRANA
HULLADÉKTÁROLÓ,,,,,,,,FÓRIS - TIRANA
KONYHAMALAC,,,,,,,,FÓRIS - TIRANA
FANNI-FABÓ,,,,,,,,-
GÉP TÍPUSA,GYÁRTÓ,MODELL,CIKKSZÁM,LEÉRTÉKELT SZÁM,MÉRET,SZÍN,,-
SÜTŐ,ELECTROLUX,EOF4P56X,AE00217AKC,,,INOX,,FANNI-FABÓ
MIKRÓHULLÁMÚ,ELECTROLUX,LMS4253TMX,AE00161AKC,,,FEKETE,,FANNI-FABÓ
FŐZŐLAP,ELECTROLUX,EHF6547FXK,AE00055AKC,,,FEKETE,,FANNI-FABÓ
ELSZÍVÓ,EVIDO,ONDA 60,DEEV00041,,60,FEKETE,,FANNI-FABÓ
HŰTŐ,AMICA,BK316.3AA,AAM0015AKC,L13469,,NEM LÁTSZÓ,,FANNI-FABÓ
BORHŰTŐ,,,,,,,,FANNI-FABÓ
SOKKOLÓ HŰTŐ,,,,,,,,FANNI-FABÓ
KÁVÉFŐZŐ,,,,,,,,FANNI-FABÓ
MOSOGATÓGÉP,ELECTROLUX,EES48200L,AE00251AKC,,60,NEM LÁTSZÓ,,FANNI-FABÓ
MOSÓGÉP,,,,,,,,FANNI-FABÓ
SZÁRÍTÓGÉP,,,,,,,,FANNI-FABÓ
MOSOGATÓTÁLCA,BLANCO,ETAGON 6,DEBL00267,,,FEKETE,,FANNI-FABÓ
CSAPTELEP,BLANCO,LINUS,DEBL00080,,,FEKETE,,FANNI-FABÓ
SZAPPANADAGOLÓ,,,,,,,,FANNI-FABÓ
VÍZTISZTÍTÓ,,,,,,,,FANNI-FABÓ
HULLADÉKTÁROLÓ,,,,,,,,FANNI-FABÓ
HULLADÉKTÁROLÓ,,,,,,,,FANNI-FABÓ
KONYHAMALAC,,,,,,,,FANNI-FABÓ
FIÓNA-FANNI,,,,,,,,-
GÉP TÍPUSA,GYÁRTÓ,MODELL,CIKKSZÁM,LEÉRTÉKELT SZÁM,MÉRET,SZÍN,,-
SÜTŐ,BEKO,BIM35300XMS,ABE0062AKC,L13926,,INOX,,FIÓNA-FANNI
MIKRÓHULLÁMÚ,EVIDO,COMFORT 45M,DEEV00010,L13925,,INOX,,FIÓNA-FANNI
FŐZŐLAP,BEKO,HIC64403T,ABE0062AKC,L13926,,FEKETE,,FIÓNA-FANNI
ELSZÍVÓ,TEKA,DSH985,AT00211AKC,L7012,90,INOX,,FIÓNA-FANNI
HŰTŐ,LIEBHERR,IKGS 51VE03,ALI0010AKC,L13937,,NEM LÁTSZÓ,,FIÓNA-FANNI
BORHŰTŐ,,,,,,,,FIÓNA-FANNI
SOKKOLÓ HŰTŐ,,,,,,,,FIÓNA-FANNI
KÁVÉFŐZŐ,,,,,,,,FIÓNA-FANNI
MOSOGATÓGÉP,EVIDO,AQUALIFE 45 (DW45I.2),DEEV00017,L10424,45,NEM LÁTSZÓ,,FIÓNA-FANNI
MOSÓGÉP,,,,,,,,FIÓNA-FANNI
SZÁRÍTÓGÉP,,,,,,,,FIÓNA-FANNI
MOSOGATÓTÁLCA,ELLECI,EGO ROUND,DMELEGOROUNDG,L13930,,FEHÉR,,FIÓNA-FANNI
CSAPTELEP,ELLECI,VENERE,DMELVENERE,L13930,,FEHÉR,,FIÓNA-FANNI
SZAPPANADAGOLÓ,,,,,,,,FIÓNA-FANNI
VÍZTISZTÍTÓ,,,,,,,,FIÓNA-FANNI
HULLADÉKTÁROLÓ,,,,,,,,FIÓNA-FANNI
HULLADÉKTÁROLÓ,,,,,,,,FIÓNA-FANNI
KONYHAMALAC,,,,,,,,FIÓNA-FANNI
FÓRIS - TORINO,,,,,,,,-
GÉP TÍPUSA,GYÁRTÓ,MODELL,CIKKSZÁM,LEÉRTÉKELT SZÁM,MÉRET,SZÍN,,-
SÜTŐ,EVIDO,LEVEL 60W,DEEV00030,L13910,,FEHÉR,,FÓRIS - TORINO
MIKRÓHULLÁMÚ,EVIDO,COMFORT 45M,DEEV00010,L13515,,FEHÉR,,FÓRIS - TORINO
FŐZŐLAP,EVIDO,COMFORT VETRO 60BW,DEEV00031,L13910,,FEHÉR,,FÓRIS - TORINO
ELSZÍVÓ,EVIDO,CLIFF 60W,DEEV00029,L13912,60,FEHÉR,,FÓRIS - TORINO
HŰTŐ,LIEBHERR,IRE5100,ALI0011AKC,L13911,,NEM LÁTSZÓ,,FÓRIS - TORINO
BORHŰTŐ,,,,,,,,FÓRIS - TORINO
SOKKOLÓ HŰTŐ,,,,,,,,FÓRIS - TORINO
KÁVÉFŐZŐ,,,,,,,,FÓRIS - TORINO
MOSOGATÓGÉP,EVIDO,AQUALIFE 65I (DW65I.3),DEEV00097,L14828,60,NEM LÁTSZÓ,,FÓRIS - TORINO
MOSÓGÉP,,,,,,,,FÓRIS - TORINO
SZÁRÍTÓGÉP,,,,,,,,FÓRIS - TORINO
MOSOGATÓTÁLCA,BLANCO,TIPO 45SMINI,DEBL00049,L13914,,NATÚR,,FÓRIS - TORINO
CSAPTELEP,BLANCO,MILA-S,DEBL00117,L13914,,KRÓM,,FÓRIS - TORINO
SZAPPANADAGOLÓ,,,,,,,,FÓRIS - TORINO
VÍZTISZTÍTÓ,,,,,,,,FÓRIS - TORINO
HULLADÉKTÁROLÓ,,,,,,,,FÓRIS - TORINO
HULLADÉKTÁROLÓ,,,,,,,,FÓRIS - TORINO
KONYHAMALAC,,,,,,,,FÓRIS - TORINO
FIRMIN,,,,,,,,-
GÉP TÍPUSA,GYÁRTÓ,MODELL,CIKKSZÁM,LEÉRTÉKELT SZÁM,MÉRET,SZÍN,,-
SÜTŐ,CATA,MRA7108,DMCMRA7108,L13915,,FEKETE,,FIRMIN
MIKRÓHULLÁMÚ,,,,,,,,FIRMIN
FŐZŐLAP,CATA,RCI631BK,DMCRCI631BK,L13915,,FEKETE,,FIRMIN
ELSZÍVÓ,CATA,GTPLUS45 BK/L,DMTLCGTP45F,L11788,BEÉPÍTETT 60,NEM LÁTSZÓ,,FIRMIN
HŰTŐ,,,,,,,,FIRMIN
BORHŰTŐ,,,,,,,,FIRMIN
SOKKOLÓ HŰTŐ,,,,,,,,FIRMIN
KÁVÉFŐZŐ,,,,,,,,FIRMIN
MOSOGATÓGÉP,EVIDO,AQUALIFE 60 (DW65I.2),DEEV00017,L14423,60,NEM LÁTSZÓ,,FIRMIN
MOSÓGÉP,,,,,,,,FIRMIN
SZÁRÍTÓGÉP,,,,,,,,FIRMIN
MOSOGATÓTÁLCA,LIVINOX,,,,,,,FIRMIN
CSAPTELEP,,,,,,,,FIRMIN
SZAPPANADAGOLÓ,,,,,,,,FIRMIN
VÍZTISZTÍTÓ,,,,,,,,FIRMIN
HULLADÉKTÁROLÓ,,,,,,,,FIRMIN
HULLADÉKTÁROLÓ,,,,,,,,FIRMIN
KONYHAMALAC,,,,,,,,FIRMIN
VENTO - MF FEHÉR,,,,,,,,-
GÉP TÍPUSA,GYÁRTÓ,MODELL,CIKKSZÁM,LEÉRTÉKELT SZÁM,MÉRET,SZÍN,,-
SÜTŐ,EVIDO,COMFORT 60X,DEEV00026,L15071,,INOX,,VENTO - MF FEHÉR
MIKRÓHULLÁMÚ,,,,,,,,VENTO - MF FEHÉR
FŐZŐLAP,,,,,,,,VENTO - MF FEHÉR
ELSZÍVÓ,EVIDO,DUALFLOW 60X,DEEV00095,L15067,60,INOX,,VENTO - MF FEHÉR
HŰTŐ,BEKO,BCNA-275E31SN,ABE01123KC,L14350,,NEM LÁTSZÓ,,VENTO - MF FEHÉR
BORHŰTŐ,,,,,,,,VENTO - MF FEHÉR
SOKKOLÓ HŰTŐ,,,,,,,,VENTO - MF FEHÉR
KÁVÉFŐZŐ,,,,,,,,VENTO - MF FEHÉR
MOSOGATÓGÉP,BEKO,DIS-35025,ABE0153AKC,L15070,45,NEM LÁTSZÓ,,VENTO - MF FEHÉR
MOSÓGÉP,,,,,,,,VENTO - MF FEHÉR
SZÁRÍTÓGÉP,,,,,,,,VENTO - MF FEHÉR
MOSOGATÓTÁLCA,EVIDO,FLEX 1M+CS,DEEV00038,L15069,,NATÚR,,VENTO - MF FEHÉR
CSAPTELEP,EVIDO,SMART,DELI00004,L15069,,KRÓM,,VENTO - MF FEHÉR
SZAPPANADAGOLÓ,,,,,,,,VENTO - MF FEHÉR
VÍZTISZTÍTÓ,,,,,,,,VENTO - MF FEHÉR
HULLADÉKTÁROLÓ,,,,,,,,VENTO - MF FEHÉR
HULLADÉKTÁROLÓ,,,,,,,,VENTO - MF FEHÉR
KONYHAMALAC,,,,,,,,VENTO - MF FEHÉR
VENTO - ANTRACIT,,,,,,,,-
GÉP TÍPUSA,GYÁRTÓ,MODELL,CIKKSZÁM,LEÉRTÉKELT SZÁM,MÉRET,SZÍN,,-
SÜTŐ,GORENJE,BOS6747A01BG,AG00145AKC,,,FEKETE,,VENTO - ANTRACIT
MIKRÓHULLÁMÚ,,,,,,,,VENTO - ANTRACIT
FŐZŐLAP,GORENJE,ECS643DCSC,AG00196AKC,,,FEKETE,,VENTO - ANTRACIT
ELSZÍVÓ,EVIDO,FADE 60,DEEV00086,,BEÉPÍTETT 60,NEM LÁTSZÓ,,VENTO - ANTRACIT
HŰTŐ,GORENJE,NRKI418EP1,AG00170AKC,,,NEM LÁTSZÓ,,VENTO - ANTRACIT
BORHŰTŐ,,,,,,,,VENTO - ANTRACIT
SOKKOLÓ HŰTŐ,,,,,,,,VENTO - ANTRACIT
KÁVÉFŐZŐ,,,,,,,,VENTO - ANTRACIT
MOSOGATÓGÉP,GORENJE,GV663B66,AG00198AKC,,60,NEM LÁTSZÓ,,VENTO - ANTRACIT
MOSÓGÉP,,,,,,,,VENTO - ANTRACIT
SZÁRÍTÓGÉP,,,,,,,,VENTO - ANTRACIT
MOSOGATÓTÁLCA,BLANCO,METRA 45S,DEBL00132,,,TÖRTFEHÉR,,VENTO - ANTRACIT
CSAPTELEP,,,,,,,,VENTO - ANTRACIT
SZAPPANADAGOLÓ,,,,,,,,VENTO - ANTRACIT
VÍZTISZTÍTÓ,,,,,,,,VENTO - ANTRACIT
HULLADÉKTÁROLÓ,,,,,,,,VENTO - ANTRACIT
HULLADÉKTÁROLÓ,,,,,,,,VENTO - ANTRACIT
KONYHAMALAC,,,,,,,,VENTO - ANTRACIT
CONCERT,,,,,,,,-
GÉP TÍPUSA,GYÁRTÓ,MODELL,CIKKSZÁM,LEÉRTÉKELT SZÁM,MÉRET,SZÍN,,-
SÜTŐ,ELECTROLUX,EOF4P56X,AE00217AKC,L14962,,INOX,,CONCERT
MIKRÓHULLÁMÚ,,,,,,,,CONCERT
FŐZŐLAP,ELECTROLUX,EHF6547FXK,AE00055AKC,L14962,,FEKETE,,CONCERT
ELSZÍVÓ,ELECTROLUX,LFP326S,AE00203AKC,L14965,BEÉPÍTETT 60,INOX,,CONCERT
HŰTŐ,LIEBHERR,RDSFD5220,ALI0015AKC,L13940,,INOX,,CONCERT
BORHŰTŐ,,,,,,,,CONCERT
SOKKOLÓ HŰTŐ,,,,,,,,CONCERT
KÁVÉFŐZŐ,,,,,,,,CONCERT
MOSOGATÓGÉP,ELECTROLUX,EEA12100L,AE00187AKC,L14964,60,NEM LÁTSZÓ,,CONCERT
MOSÓGÉP,,,,,,,,CONCERT
SZÁRÍTÓGÉP,,,,,,,,CONCERT
MOSOGATÓTÁLCA,BLANCO,LEGRA 8,DEBL00217,L14963,,ANTRACIT,,CONCERT
CSAPTELEP,BLANCO,LINUS-S,DEBL00089,L14963,,ANTRACIT,,CONCERT
SZAPPANADAGOLÓ,,,,,,,,CONCERT
VÍZTISZTÍTÓ,,,,,,,,CONCERT
HULLADÉKTÁROLÓ,,,,,,,,CONCERT
HULLADÉKTÁROLÓ,,,,,,,,CONCERT
KONYHAMALAC,,,,,,,,CONCERT
ETRIM,,,,,,,,-
GÉP TÍPUSA,GYÁRTÓ,MODELL,CIKKSZÁM,LEÉRTÉKELT SZÁM,MÉRET,SZÍN,,-
SÜTŐ,CATA,MDS 8007 BK,DMCMDS8007BK,,,FEKETE,,ETRIM
MIKRÓHULLÁMÚ,NODOR,NORCHEF MW25DGDB,DMNNCMW25DGDB,,,FEKETE,,ETRIM
FŐZŐLAP,CATA,GI-6004 X,DMCAGI6004X,L14342,,INOX,,ETRIM
ELSZÍVÓ,DAVOLINE,RAVENPROBLACK 60,DMDRPB60,L14343,60,FEKETE,,ETRIM
HŰTŐ,BEKO,BCHA-275K3SN,ABE0148AKC,L14838,,NEM LÁTSZÓ,,ETRIM
BORHŰTŐ,,,,,,,,ETRIM
SOKKOLÓ HŰTŐ,,,,,,,,ETRIM
KÁVÉFŐZŐ,,,,,,,,ETRIM
MOSOGATÓGÉP,CATA,LVI 46010,DMCLVI46010,,45,NEM LÁTSZÓ,,ETRIM
MOSÓGÉP,,,,,,,,ETRIM
SZÁRÍTÓGÉP,,,,,,,,ETRIM
MOSOGATÓTÁLCA,ELLECI,EASY 300,DMELEASY300,,,FEKETE,,ETRIM
CSAPTELEP,ELLECI,SHELL,DMELSHELLGR,,,FEKETE,,ETRIM
SZAPPANADAGOLÓ,,,,,,,,ETRIM
VÍZTISZTÍTÓ,,,,,,,,ETRIM
HULLADÉKTÁROLÓ,EKOTECH,FREEJAZZ 60,DMETFREEJ6056,,,NEM LÁTSZÓ,,ETRIM
HULLADÉKTÁROLÓ,,,,,,,,ETRIM
KONYHAMALAC,,,,,,,,ETRIM
TERRA,,,,,,,,-
GÉP TÍPUSA,GYÁRTÓ,MODELL,CIKKSZÁM,LEÉRTÉKELT SZÁM,MÉRET,SZÍN,,-
SÜTŐ,AEG,BES351111M,AAE0070AKC,,,INOX,,TERRA
MIKRÓHULLÁMÚ,,,,,,,,TERRA
FŐZŐLAP,AEG,IKB64413FB,AAE0077AKC,,,INOX,,TERRA
ELSZÍVÓ,GORENJE,TH60E3X,AG00157AKC,,BEÉPÍTETT 60,INOX,,TERRA
HŰTŐ,AEG,SCB618F3LS,AAE0069AKC,L14341,,NEM LÁTSZÓ,,TERRA
BORHŰTŐ,,,,,,,,TERRA
SOKKOLÓ HŰTŐ,,,,,,,,TERRA
KÁVÉFŐZŐ,,,,,,,,TERRA
MOSOGATÓGÉP,AEG,FSB53907Z,AAE0076AKC,,60,NEM LÁTSZÓ,,TERRA
MOSÓGÉP,,,,,,,,TERRA
SZÁRÍTÓGÉP,,,,,,,,TERRA
MOSOGATÓTÁLCA,BLANCO,LEGRA 6,DEBL00106,,,FEKETE,,TERRA
CSAPTELEP,BLANCO,MILI,DEBL00182,,,FEKETE,,TERRA
SZAPPANADAGOLÓ,,,,,,,,TERRA
VÍZTISZTÍTÓ,,,,,,,,TERRA
HULLADÉKTÁROLÓ,,,,,,,,TERRA
HULLADÉKTÁROLÓ,,,,,,,,TERRA
KONYHAMALAC,,,,,,,,TERRA